<?xml version="1.0" encoding="UTF-8"?>
<!DOCTYPE mapper PUBLIC "-//mybatis.org//DTD Mapper 3.0//EN" "http://mybatis.org/dtd/mybatis-3-mapper.dtd">  
  
<!-- 指定工作空间，要与接口名相同，源代码没有去看，猜测应该是通过"这里的namespace.下边方法的id"来定位方法的 -->  
<mapper namespace="com.example.demo.dao.UserDao">  

    <!-- insert user -->
    <insert id = "insert" parameterType="com.example.demo.entity.User">
        INSERT INTO suser(uid,account,password,usertype,registerdate,temple) VALUES(#{uid},#{account},#{password},#{usertype},#{registerdate},#{temple});
    </insert>
    
    <!-- update user -->
    <update id="update" parameterType="com.example.demo.entity.User">
        UPDATE suser SET usertype=#{usertype} , PASSWORD=#{password} WHERE uID=#{uid}
    </update>
    
    <!-- find user -->
    <select id="find" parameterType="int" resultType="com.example.demo.entity.User">
        SELECT * FROM suser WHERE uID=#{0}
    </select>
    
    <select id="findAll" resultType="com.example.demo.entity.User">
        SELECT * FROM suser 
    </select>
    
    <!-- delete user -->
    <delete id="delete" parameterType="int">
        DELETE FROM suser WHERE uID=#{0}
    </delete>
</mapper>