<?xml version="1.0" encoding="UTF-8"?>
<beans xmlns="http://www.springframework.org/schema/beans"
    xmlns:xsi="http://www.w3.org/2001/XMLSchema-instance" xmlns:context="http://www.springframework.org/schema/context"
    xmlns:aop="http://www.springframework.org/schema/aop" xmlns:tx="http://www.springframework.org/schema/tx"
    xsi:schemaLocation="http://www.springframework.org/schema/beans 
    http://www.springframework.org/schema/beans/spring-beans.xsd
    http://www.springframework.org/schema/context
    http://www.springframework.org/schema/context/spring-context.xsd
    http://www.springframework.org/schema/aop
    http://www.springframework.org/schema/aop/spring-aop.xsd
    http://www.springframework.org/schema/tx 
    http://www.springframework.org/schema/tx/spring-tx.xsd">

    <!-- 引入外部属性文件 -->
    <context:property-placeholder location="classpath:jdbc.properties" />

    <!-- 配置c3p0连接池: -->
    <bean name="dataSource" class="com.mchange.v2.c3p0.ComboPooledDataSource">
        <!-- 指定连接数据库的驱动-->  
        <property name="driverClass" value="${jdbc.driver}"/>  
        <!-- 指定连接数据库的URL-->  
        <property name="jdbcUrl" value="${jdbc.url}"/>  
        <!-- 指定连接数据库的用户名-->  
        <property name="user" value="${jdbc.username}"/>  
        <!-- 指定连接数据库的密码-->  
        <property name="password" value="${jdbc.password}"/>  
        <!-- 指定连接池中保留的最大连接数. Default:15-->  
        <property name="maxPoolSize" value="100"/>  
        <!-- 指定连接池中保留的最小连接数-->  
        <property name="minPoolSize" value="10"/>  
        <!-- 指定连接池的初始化连接数  取值应在minPoolSize 与 maxPoolSize 之间.Default:3-->  
        <property name="initialPoolSize" value="20"/>  
        <!-- 最大空闲时间,60秒内未使用则连接被丢弃。若为0则永不丢弃。 Default:0-->  
        <property name="maxIdleTime" value="600"/>  
        <!-- 当连接池中的连接耗尽的时候c3p0一次同时获取的连接数. Default:3-->  
        <property name="acquireIncrement" value="5"/>  
        <!-- JDBC的标准,用以控制数据源内加载的PreparedStatements数量。  
        但由于预缓存的statements属于单个connection而不是整个连接池所以设置这个参数需要考虑到多方面的因数.如果maxStatements与maxStatementsPerConnection均为0,则缓存被关闭。Default:0-->  
        <property name="maxStatements" value="5"/>  
        <!-- 隔多少秒检查所有连接池中的空闲连接.Default:0 -->  
        <property name="idleConnectionTestPeriod" value="60"/>
    </bean>

    <bean id="sqlSessionFactory" class="org.mybatis.spring.SqlSessionFactoryBean">
        <property name="dataSource" ref="dataSource" />
        <!-- 加载mybatis全局配置文件 -->
        <property name="configLocation" value="classpath:mybatis/mybatis-config.xml"></property>
        <!-- mapper xml路径 -->  
        <property name="mapperLocations" value="classpath:mapper/*.xml" /> 
    </bean>

    <!-- 配置mapper扫描器 -->
    <bean class="org.mybatis.spring.mapper.MapperScannerConfigurer">
        <!-- 扫描这个包以及它的子包下的所有映射接口类,多个包逗号隔开 -->
        <property name="basePackage" value="com.example.demo.dao" />
        <property name="sqlSessionFactoryBeanName" value="sqlSessionFactory" />
    </bean>

    <!-- 配置Spring的事务管理器 与mabatis整合是用jdbc事务 -->
    <bean id="transactionManager"
        class="org.springframework.jdbc.datasource.DataSourceTransactionManager">
        <property name="dataSource" ref="dataSource" />
    </bean>

</beans>