<?xml version="1.0" encoding="UTF-8"?>
<beans xmlns="http://www.springframework.org/schema/beans"
    xmlns:xsi="http://www.w3.org/2001/XMLSchema-instance" xmlns:mvc="http://www.springframework.org/schema/mvc"
    xmlns:context="http://www.springframework.org/schema/context"
    xmlns:aop="http://www.springframework.org/schema/aop" xmlns:tx="http://www.springframework.org/schema/tx"
    xsi:schemaLocation="http://www.springframework.org/schema/beans 
    http://www.springframework.org/schema/beans/spring-beans.xsd
    http://www.springframework.org/schema/context
    http://www.springframework.org/schema/context/spring-context.xsd
    http://www.springframework.org/schema/aop
    http://www.springframework.org/schema/aop/spring-aop.xsd
    http://www.springframework.org/schema/tx 
    http://www.springframework.org/schema/tx/spring-tx.xsd
    http://www.springframework.org/schema/mvc   
    http://www.springframework.org/schema/mvc/spring-mvc.xsd ">
 
    <!--自动扫描含有@Controller将其注入为bean -->
    <context:component-scan base-package="com.example.demo.controller"></context:component-scan>
 
    <!--注解映射器 -->
    <!-- <bean class="org.springframework.web.servlet.mvc.method.annotation.RequestMappingHandlerMapping"/> -->
    <!--注解适配器 -->
    <!-- <bean class="org.springframework.web.servlet.mvc.method.annotation.RequestMappingHandlerAdapter"/> -->
 
    <!-- 使用这个可以代替上边的注解映射器和适配器 -->
    <mvc:annotation-driven></mvc:annotation-driven>
 
    <!-- 视图解析器 jsp -->
    <bean class="org.springframework.web.servlet.view.InternalResourceViewResolver">
        <property name="prefix" value="/WEB-INF/views" />
        <property name="suffix" value=".jsp" /> 
    </bean>
         
    <!-- 静态资源访问 -->  
    <mvc:resources mapping="/**" location="/" />
     
</beans>